{"initial_reset_timestamp": 1620906673.034202, "timestamps": [1620906694.484797], "episode_lengths": [1000], "episode_rewards": [6027.204506003414], "episode_types": ["t"]}