{"initial_reset_timestamp": 1620797091.398488, "timestamps": [1620797098.049098], "episode_lengths": [200], "episode_rewards": [-125.72767072972864], "episode_types": ["t"]}