{"initial_reset_timestamp": 1621246278.5463831, "timestamps": [1621246285.2150578], "episode_lengths": [200], "episode_rewards": [-119.61650669977591], "episode_types": ["t"]}