{"initial_reset_timestamp": 1620745630.410508, "timestamps": [1620745639.3690398], "episode_lengths": [200], "episode_rewards": [-120.96157119433462], "episode_types": ["t"]}