{"initial_reset_timestamp": 1620814921.541449, "timestamps": [1620814929.01057], "episode_lengths": [200], "episode_rewards": [-1.2957575132580776], "episode_types": ["t"]}