{"initial_reset_timestamp": 1620803166.247513, "timestamps": [1620803177.28651], "episode_lengths": [200], "episode_rewards": [-229.13098345521496], "episode_types": ["t"]}