{"initial_reset_timestamp": 1620804006.774049, "timestamps": [1620804013.1426141], "episode_lengths": [200], "episode_rewards": [200.0], "episode_types": ["t"]}