{"initial_reset_timestamp": 1620804331.027584, "timestamps": [1620804337.439038], "episode_lengths": [200], "episode_rewards": [200.0], "episode_types": ["t"]}