{"initial_reset_timestamp": 1620803838.501227, "timestamps": [1620803844.938314], "episode_lengths": [200], "episode_rewards": [200.0], "episode_types": ["t"]}