{"initial_reset_timestamp": 1620906633.071438, "timestamps": [1620906652.64943], "episode_lengths": [1000], "episode_rewards": [6170.894323668736], "episode_types": ["t"]}