{"initial_reset_timestamp": 1620802931.20167, "timestamps": [1620802939.497258], "episode_lengths": [200], "episode_rewards": [-221.31322597976967], "episode_types": ["t"]}