{"initial_reset_timestamp": 1620803811.776473, "timestamps": [1620803818.2477388], "episode_lengths": [200], "episode_rewards": [200.0], "episode_types": ["t"]}