{"initial_reset_timestamp": 1620797076.088777, "timestamps": [1620797084.346024], "episode_lengths": [200], "episode_rewards": [-128.28169433215675], "episode_types": ["t"]}