{"initial_reset_timestamp": 1620804000.2625852, "timestamps": [1620804006.573288], "episode_lengths": [200], "episode_rewards": [200.0], "episode_types": ["t"]}