{"initial_reset_timestamp": 1620803805.068668, "timestamps": [1620803811.580393], "episode_lengths": [200], "episode_rewards": [200.0], "episode_types": ["t"]}