{"initial_reset_timestamp": 1620785268.753528, "timestamps": [1620785277.46688], "episode_lengths": [200], "episode_rewards": [-235.11321951462395], "episode_types": ["t"]}