{"initial_reset_timestamp": 1620794562.3895009, "timestamps": [1620794569.5873039], "episode_lengths": [200], "episode_rewards": [-132.64586218933937], "episode_types": ["t"]}