{"initial_reset_timestamp": 1620994290.7712908, "timestamps": [1620994297.645782], "episode_lengths": [200], "episode_rewards": [200.0], "episode_types": ["t"]}