{"initial_reset_timestamp": 1620804295.6679811, "timestamps": [1620804302.054313], "episode_lengths": [200], "episode_rewards": [200.0], "episode_types": ["t"]}