{"initial_reset_timestamp": 1620793239.539781, "timestamps": [1620793245.8260212], "episode_lengths": [200], "episode_rewards": [200.0], "episode_types": ["t"]}