{"initial_reset_timestamp": 1621214893.977349, "timestamps": [1621214926.733757], "episode_lengths": [1000], "episode_rewards": [1000.0], "episode_types": ["t"]}