{"initial_reset_timestamp": 1620804316.343049, "timestamps": [1620804323.259444], "episode_lengths": [200], "episode_rewards": [200.0], "episode_types": ["t"]}