{"initial_reset_timestamp": 1620803215.858885, "timestamps": [1620803222.589943], "episode_lengths": [200], "episode_rewards": [-122.98015209738948], "episode_types": ["t"]}