{"initial_reset_timestamp": 1621214830.9939141, "timestamps": [1621214862.2886279], "episode_lengths": [1000], "episode_rewards": [1000.0], "episode_types": ["t"]}