{"initial_reset_timestamp": 1621214674.717846, "timestamps": [1621214705.9404118], "episode_lengths": [1000], "episode_rewards": [1000.0], "episode_types": ["t"]}