{"initial_reset_timestamp": 1620804033.05008, "timestamps": [1620804039.491387], "episode_lengths": [200], "episode_rewards": [200.0], "episode_types": ["t"]}