{"initial_reset_timestamp": 1620797122.094021, "timestamps": [1620797130.779895], "episode_lengths": [200], "episode_rewards": [-119.53431071083773], "episode_types": ["t"]}