{"initial_reset_timestamp": 1621159379.828809, "timestamps": [1621159415.750384], "episode_lengths": [1000], "episode_rewards": [1000.0], "episode_types": ["t"]}