{"initial_reset_timestamp": 1620802903.464206, "timestamps": [1620802911.755517], "episode_lengths": [200], "episode_rewards": [-121.83651860368516], "episode_types": ["t"]}