{"initial_reset_timestamp": 1622435259.338433, "timestamps": [1622435286.6691, 1622435312.875416, 1622435314.730149, 1622435316.212228, 1622435317.679151, 1622435319.178846, 1622435320.657463, 1622435324.205954], "episode_lengths": [500, 500, 500, 500, 500, 500, 500, 500], "episode_rewards": [374.0, 316.0, 391.0, 384.0, 385.0, 322.0, 305.0, 368.0], "episode_types": ["t", "t", "t", "t", "t", "t", "t", "t", "t"]}