{"initial_reset_timestamp": 1620803831.858782, "timestamps": [1620803838.312804], "episode_lengths": [200], "episode_rewards": [200.0], "episode_types": ["t"]}