{"initial_reset_timestamp": 1621435524.435694, "timestamps": [1621435541.5928261], "episode_lengths": [1000], "episode_rewards": [12916.650138578301], "episode_types": ["t"]}