epoch,timestep,train_ep_len,train_ep_ret,test_ep_len,test_ep_ret,time_rem
1,177.80357142857142,-59.118464065236466,1000.0,990.3006113252702,1:17:19
2,308.3333333333333,-5.183114518938224,836.0,502.50482327656675,8:51:54
3,322.83870967741933,20.30725514705658,811.0,656.1020839096766,11:15:32
