{"initial_reset_timestamp": 1621214706.129104, "timestamps": [1621214737.054189], "episode_lengths": [1000], "episode_rewards": [1000.0], "episode_types": ["t"]}