{"initial_reset_timestamp": 1621214799.701771, "timestamps": [1621214830.794367], "episode_lengths": [1000], "episode_rewards": [1000.0], "episode_types": ["t"]}