{"initial_reset_timestamp": 1620787319.333289, "timestamps": [1620787329.71737], "episode_lengths": [200], "episode_rewards": [200.0], "episode_types": ["t"]}