{"initial_reset_timestamp": 1620803782.699884, "timestamps": [1620803791.882537], "episode_lengths": [200], "episode_rewards": [200.0], "episode_types": ["t"]}