{"initial_reset_timestamp": 1620785259.5965319, "timestamps": [1620785268.543021], "episode_lengths": [200], "episode_rewards": [-117.82702086389737], "episode_types": ["t"]}