{"initial_reset_timestamp": 1620794554.953486, "timestamps": [1620794562.153041], "episode_lengths": [200], "episode_rewards": [-133.13833777782165], "episode_types": ["t"]}