{"initial_reset_timestamp": 1621214862.470915, "timestamps": [1621214893.798104], "episode_lengths": [1000], "episode_rewards": [1000.0], "episode_types": ["t"]}