{"initial_reset_timestamp": 1620804013.327057, "timestamps": [1620804019.612747], "episode_lengths": [200], "episode_rewards": [200.0], "episode_types": ["t"]}