{"initial_reset_timestamp": 1620802881.665611, "timestamps": [1620802888.3820748], "episode_lengths": [200], "episode_rewards": [-223.819155249718], "episode_types": ["t"]}