{"initial_reset_timestamp": 1620785148.760706, "timestamps": [1620785159.1345432], "episode_lengths": [200], "episode_rewards": [-129.6330964928112], "episode_types": ["t"]}