{"initial_reset_timestamp": 1621148657.6021981, "timestamps": [1621148664.2305], "episode_lengths": [200], "episode_rewards": [-119.94669534931633], "episode_types": ["t"]}