{"initial_reset_timestamp": 1620804019.795976, "timestamps": [1620804026.152999], "episode_lengths": [200], "episode_rewards": [200.0], "episode_types": ["t"]}