{"initial_reset_timestamp": 1620802918.702168, "timestamps": [1620802925.387558], "episode_lengths": [200], "episode_rewards": [-225.55953786881392], "episode_types": ["t"]}