{"initial_reset_timestamp": 1621214768.335778, "timestamps": [1621214799.514106], "episode_lengths": [1000], "episode_rewards": [1000.0], "episode_types": ["t"]}