{"initial_reset_timestamp": 1621246271.7494988, "timestamps": [1621246278.362273], "episode_lengths": [200], "episode_rewards": [-113.11448055781527], "episode_types": ["t"]}