{"initial_reset_timestamp": 1620814913.838442, "timestamps": [1620814921.3199282], "episode_lengths": [200], "episode_rewards": [-123.0907929222638], "episode_types": ["t"]}