{"initial_reset_timestamp": 1620803156.5060349, "timestamps": [1620803166.0133362], "episode_lengths": [200], "episode_rewards": [-126.6459758536901], "episode_types": ["t"]}