{"initial_reset_timestamp": 1620745621.775948, "timestamps": [1620745630.195174], "episode_lengths": [200], "episode_rewards": [-246.46520614355111], "episode_types": ["t"]}