{"initial_reset_timestamp": 1620803186.569292, "timestamps": [1620803196.033584], "episode_lengths": [200], "episode_rewards": [-122.97820445457414], "episode_types": ["t"]}