{"initial_reset_timestamp": 1620804026.33813, "timestamps": [1620804032.870836], "episode_lengths": [200], "episode_rewards": [200.0], "episode_types": ["t"]}