{"initial_reset_timestamp": 1620906652.873599, "timestamps": [1620906672.839929], "episode_lengths": [1000], "episode_rewards": [6135.427922855009], "episode_types": ["t"]}