{"initial_reset_timestamp": 1621435907.842278, "timestamps": [1621435924.33443], "episode_lengths": [1000], "episode_rewards": [5345.034221088517], "episode_types": ["t"]}