{"initial_reset_timestamp": 1620802911.952169, "timestamps": [1620802918.520114], "episode_lengths": [200], "episode_rewards": [-120.22207129459478], "episode_types": ["t"]}