{"initial_reset_timestamp": 1620803985.199861, "timestamps": [1620803993.6310358], "episode_lengths": [200], "episode_rewards": [200.0], "episode_types": ["t"]}