{"initial_reset_timestamp": 1620797130.969742, "timestamps": [1620797137.5742002], "episode_lengths": [200], "episode_rewards": [-123.09089787714923], "episode_types": ["t"]}