{"initial_reset_timestamp": 1620794545.3784142, "timestamps": [1620794554.702383], "episode_lengths": [200], "episode_rewards": [-132.8788341529121], "episode_types": ["t"]}