{"initial_reset_timestamp": 1620785248.390215, "timestamps": [1620785259.36957], "episode_lengths": [200], "episode_rewards": [-0.6952463414025157], "episode_types": ["t"]}