epoch,train_ep_len,train_ep_ret,test_ep_len,test_ep_ret,time_rem
1,16.360655737704917,16.360655737704917,19.7,19.7,0:00:23
2,24.486486486486488,24.486486486486488,139.8,139.8,0:11:18
