{"initial_reset_timestamp": 1621214737.2502348, "timestamps": [1621214768.158758], "episode_lengths": [1000], "episode_rewards": [1000.0], "episode_types": ["t"]}