{"initial_reset_timestamp": 1620802946.456504, "timestamps": [1620802953.564446], "episode_lengths": [200], "episode_rewards": [-123.11168869254564], "episode_types": ["t"]}