{"initial_reset_timestamp": 1620745612.114133, "timestamps": [1620745621.584644], "episode_lengths": [200], "episode_rewards": [-127.26792907619584], "episode_types": ["t"]}