{"initial_reset_timestamp": 1621246262.994793, "timestamps": [1621246271.551737], "episode_lengths": [200], "episode_rewards": [-0.4839617033523683], "episode_types": ["t"]}