{"initial_reset_timestamp": 1620814904.613773, "timestamps": [1620814913.6376162], "episode_lengths": [200], "episode_rewards": [-2.9589991489782443], "episode_types": ["t"]}