{"initial_reset_timestamp": 1620803146.292793, "timestamps": [1620803156.3161228], "episode_lengths": [200], "episode_rewards": [-125.0825973917516], "episode_types": ["t"]}