{"initial_reset_timestamp": 1621159415.9632618, "timestamps": [1621159450.036075], "episode_lengths": [1000], "episode_rewards": [1000.0], "episode_types": ["t"]}