{"initial_reset_timestamp": 1620804337.611587, "timestamps": [1620804343.8745549], "episode_lengths": [200], "episode_rewards": [200.0], "episode_types": ["t"]}