{"initial_reset_timestamp": 1621159339.892003, "timestamps": [1621159379.596519], "episode_lengths": [1000], "episode_rewards": [1000.0], "episode_types": ["t"]}