{"initial_reset_timestamp": 1620803798.5888808, "timestamps": [1620803804.871532], "episode_lengths": [200], "episode_rewards": [200.0], "episode_types": ["t"]}