{"initial_reset_timestamp": 1620787339.542969, "timestamps": [1620787349.557656], "episode_lengths": [200], "episode_rewards": [200.0], "episode_types": ["t"]}