{"initial_reset_timestamp": 1620804309.181911, "timestamps": [1620804316.1396291], "episode_lengths": [200], "episode_rewards": [200.0], "episode_types": ["t"]}