{"initial_reset_timestamp": 1620793233.046109, "timestamps": [1620793239.359057], "episode_lengths": [200], "episode_rewards": [200.0], "episode_types": ["t"]}