{"initial_reset_timestamp": 1620994283.516213, "timestamps": [1620994290.569029], "episode_lengths": [200], "episode_rewards": [200.0], "episode_types": ["t"]}