{"initial_reset_timestamp": 1620804289.198924, "timestamps": [1620804295.477982], "episode_lengths": [200], "episode_rewards": [200.0], "episode_types": ["t"]}