{"initial_reset_timestamp": 1620804280.492363, "timestamps": [1620804288.996552], "episode_lengths": [200], "episode_rewards": [200.0], "episode_types": ["t"]}