{"initial_reset_timestamp": 1620994273.544798, "timestamps": [1620994283.309315], "episode_lengths": [200], "episode_rewards": [200.0], "episode_types": ["t"]}