{"initial_reset_timestamp": 1620793223.76531, "timestamps": [1620793232.838933], "episode_lengths": [200], "episode_rewards": [200.0], "episode_types": ["t"]}