{"initial_reset_timestamp": 1621214639.086765, "timestamps": [1621214674.51515], "episode_lengths": [1000], "episode_rewards": [1000.0], "episode_types": ["t"]}