{"initial_reset_timestamp": 1620804039.687871, "timestamps": [1620804046.1984699], "episode_lengths": [200], "episode_rewards": [200.0], "episode_types": ["t"]}