{"initial_reset_timestamp": 1620803993.821665, "timestamps": [1620804000.0828621], "episode_lengths": [200], "episode_rewards": [200.0], "episode_types": ["t"]}