{"initial_reset_timestamp": 1620803222.775726, "timestamps": [1620803229.351131], "episode_lengths": [200], "episode_rewards": [-1.8806667343566188], "episode_types": ["t"]}