{"initial_reset_timestamp": 1620802939.692926, "timestamps": [1620802946.271931], "episode_lengths": [200], "episode_rewards": [-231.01867362808136], "episode_types": ["t"]}