{"initial_reset_timestamp": 1620803206.9685261, "timestamps": [1620803215.664584], "episode_lengths": [200], "episode_rewards": [-114.69656147879556], "episode_types": ["t"]}