{"initial_reset_timestamp": 1620797137.793941, "timestamps": [1620797144.913223], "episode_lengths": [200], "episode_rewards": [-223.70271391879427], "episode_types": ["t"]}