{"initial_reset_timestamp": 1620787329.937449, "timestamps": [1620787339.262502], "episode_lengths": [200], "episode_rewards": [200.0], "episode_types": ["t"]}