{"initial_reset_timestamp": 1620803792.08206, "timestamps": [1620803798.400245], "episode_lengths": [200], "episode_rewards": [200.0], "episode_types": ["t"]}