{"initial_reset_timestamp": 1620803196.2279942, "timestamps": [1620803206.773397], "episode_lengths": [200], "episode_rewards": [-1.6223085694468937], "episode_types": ["t"]}