{"initial_reset_timestamp": 1620804323.477963, "timestamps": [1620804330.8254862], "episode_lengths": [200], "episode_rewards": [200.0], "episode_types": ["t"]}