{"initial_reset_timestamp": 1620797084.5718331, "timestamps": [1620797091.180009], "episode_lengths": [200], "episode_rewards": [-253.3461631627571], "episode_types": ["t"]}