{"initial_reset_timestamp": 1621148644.95982, "timestamps": [1621148657.346526], "episode_lengths": [200], "episode_rewards": [-121.82112878474604], "episode_types": ["t"]}