{"initial_reset_timestamp": 1620785135.082103, "timestamps": [1620785148.491894], "episode_lengths": [200], "episode_rewards": [-120.0556324177464], "episode_types": ["t"]}