{"initial_reset_timestamp": 1620802872.4091241, "timestamps": [1620802881.4430149], "episode_lengths": [200], "episode_rewards": [-116.31236721005396], "episode_types": ["t"]}