{"initial_reset_timestamp": 1620803818.440236, "timestamps": [1620803824.9127822], "episode_lengths": [200], "episode_rewards": [200.0], "episode_types": ["t"]}