{"initial_reset_timestamp": 1620785159.492457, "timestamps": [1620785169.6100218], "episode_lengths": [200], "episode_rewards": [-127.64898322434458], "episode_types": ["t"]}