{"initial_reset_timestamp": 1620802888.60345, "timestamps": [1620802895.339963], "episode_lengths": [200], "episode_rewards": [-255.90944804495706], "episode_types": ["t"]}