{"initial_reset_timestamp": 1621148664.477857, "timestamps": [1621148671.10042], "episode_lengths": [200], "episode_rewards": [-1.260265212407083], "episode_types": ["t"]}