{"initial_reset_timestamp": 1620804302.248812, "timestamps": [1620804308.9390452], "episode_lengths": [200], "episode_rewards": [200.0], "episode_types": ["t"]}