{"initial_reset_timestamp": 1620994031.4680471, "timestamps": [1620994041.483724], "episode_lengths": [200], "episode_rewards": [200.0], "episode_types": ["t"]}