{"initial_reset_timestamp": 1620803825.109709, "timestamps": [1620803831.667244], "episode_lengths": [200], "episode_rewards": [200.0], "episode_types": ["t"]}