{"initial_reset_timestamp": 1620803177.5761971, "timestamps": [1620803186.2951], "episode_lengths": [200], "episode_rewards": [-125.8162258110698], "episode_types": ["t"]}